<?xml version="1.0" encoding="UTF-8"?>
<databaseChangeLog xmlns="http://www.liquibase.org/xml/ns/dbchangelog"
                   xmlns:xsi="http://www.w3.org/2001/XMLSchema-instance"
                   xsi:schemaLocation="http://www.liquibase.org/xml/ns/dbchangelog
                   http://www.liquibase.org/xml/ns/dbchangelog/dbchangelog-3.8.xsd">

<!--    Books-->
    <include file="database/init-changelogs/init-changelog-books.xml"/>
    <include file="database/insert-changelogs/insert-changelog-books.xml"/>

<!--    Authors-->
    <include file="database/init-changelogs/init-changelog-authors.xml"/>
    <include file="database/insert-changelogs/insert-changelog-authors.xml"/>

<!--    Genres-->
    <include file="database/init-changelogs/init-changelog-genres.xml"/>
    <include file="database/insert-changelogs/insert-changelog-genres.xml"/>

<!--    Users-->
    <include file="database/init-changelogs/init-changelog-users.xml"/>

<!--    Carts-->
    <include file="database/init-changelogs/init-changelog-carts.xml"/>

<!--    Cart_Items-->
    <include file="database/init-changelogs/init-changelog-cart-items.xml"/>


</databaseChangeLog>