<?xml version="1.0" encoding="UTF-8" standalone="yes"?>
<books>
    <book>
        <author>
            <firstName>Clive</firstName>
            <id>5</id>
            <lastName>Cussler</lastName>
        </author>
        <coverImageFile>inca-gold.jpg</coverImageFile>
        <genre>
            <genre>Adventure</genre>
            <id>7</id>
        </genre>
        <genre>
            <genre>Non-Fiction</genre>
            <id>10</id>
        </genre>
        <id>5</id>
        <price>11.00</price>
        <stock>2</stock>
        <title>Inca Gold</title>
    </book>
</books>
