<?xml version="1.0" encoding="UTF-8"?>
<databaseChangeLog xmlns="http://www.liquibase.org/xml/ns/dbchangelog"
                   xmlns:xsi="http://www.w3.org/2001/XMLSchema-instance"
                   xsi:schemaLocation="http://www.liquibase.org/xml/ns/dbchangelog
                   http://www.liquibase.org/xml/ns/dbchangelog/dbchangelog-3.8.xsd">

    <changeSet id="1" author="Nikkk">
        <createTable tableName="authors">

            <column name="id" type="bigint" autoIncrement="true">
                <constraints primaryKey="true" nullable="false"/>
            </column>
            <column name="first-name" type="varchar(255)">
                <constraints nullable="false"/>
            </column>
            <column name="middle-name" type="varchar(255)"/>
            <column name="last-name" type="varchar(255)">
                <constraints nullable="false"/>
            </column>

        </createTable>
    </changeSet>
</databaseChangeLog>