<?xml version="1.0" encoding="UTF-8"?>
<databaseChangeLog xmlns="http://www.liquibase.org/xml/ns/dbchangelog"
                   xmlns:xsi="http://www.w3.org/2001/XMLSchema-instance"
                   xsi:schemaLocation="http://www.liquibase.org/xml/ns/dbchangelog
                   http://www.liquibase.org/xml/ns/dbchangelog/dbchangelog-3.8.xsd">

    <changeSet id="1" author="Nikkk">
        <createTable tableName="carts">

            <column name="id" type="bigint" autoIncrement="true">
                <constraints primaryKey="true" nullable="false"/>
            </column>
            <column name="user_id" type="bigint">
                <constraints nullable="false"/>
            </column>
            <column name="total_price" type="decimal(19,2)">
                <constraints nullable="false"/>
            </column>
            <column name="created_at" type="timestamp" defaultValueComputed="CURRENT_TIMESTAMP">
                <constraints nullable="false"/>
            </column>

        </createTable>

        <addForeignKeyConstraint baseTableName="carts" baseColumnNames="id"
                                 referencedTableName="users" referencedColumnNames="id"
                                 constraintName="fk_cart_user"/>

    </changeSet>

</databaseChangeLog>