<?xml version="1.0" encoding="UTF-8"?>
<databaseChangeLog xmlns="http://www.liquibase.org/xml/ns/dbchangelog"
                   xmlns:xsi="http://www.w3.org/2001/XMLSchema-instance"
                   xsi:schemaLocation="http://www.liquibase.org/xml/ns/dbchangelog
                   http://www.liquibase.org/xml/ns/dbchangelog/dbchangelog-3.8.xsd">

    <changeSet id="1" author="Nikkk">
        <createTable tableName="cart_items">

            <column name="id" type="bigint" autoIncrement="true">
                <constraints primaryKey="true" nullable="false"/>
            </column>
            <column name="cart_id" type="bigint">
                <constraints nullable="false"/>
            </column>
            <column name="product_id" type="bigint">
                <constraints nullable="false"/>
            </column>
            <column name="quantity" type="int" defaultValue="1"/>
            <column name="price" type="decimal(10,2)">
                <constraints nullable="false"/>
            </column>

        </createTable>
    </changeSet>

</databaseChangeLog>